date,cases_sevendayaveraged
01/03/2020,4.714286
02/03/2020,5.285714
03/03/2020,7.285714
04/03/2020,12.857142
05/03/2020,20.714285
06/03/2020,28.428572
07/03/2020,34.285713
08/03/2020,44.42857
09/03/2020,53.57143
10/03/2020,58.57143
11/03/2020,73.85714
12/03/2020,103.42857
13/03/2020,153
14/03/2020,215.14285
15/03/2020,271.57144
16/03/2020,312.14285
17/03/2020,367.2857
18/03/2020,432.14285
19/03/2020,506.14285
20/03/2020,589.1429
21/03/2020,668.5714
22/03/2020,779.2857
23/03/2020,898
24/03/2020,1029.4286
25/03/2020,1270.4286
26/03/2020,1494.7142
27/03/2020,1735
28/03/2020,2020.5714
29/03/2020,2292.2856
30/03/2020,2519.5715
31/03/2020,2727.7144
01/04/2020,3000
02/04/2020,3301.4285
03/04/2020,3619.2856
04/04/2020,3874.2856
05/04/2020,4116.857
06/04/2020,4288.5713
07/04/2020,4394
08/04/2020,4548
09/04/2020,4692.857
10/04/2020,4729.2856
11/04/2020,4736.5713
12/04/2020,4661.4287
13/04/2020,4605.5713
14/04/2020,4598.5713
15/04/2020,4445.7144
16/04/2020,4282.5713
17/04/2020,4271.7144
18/04/2020,4331.2856
19/04/2020,4424.143
20/04/2020,4589.7144
21/04/2020,4643.143
22/04/2020,4677.143
23/04/2020,4743
24/04/2020,4806.857
25/04/2020,4788.857
26/04/2020,4786.5713
27/04/2020,4645.5713
28/04/2020,4587.7144
29/04/2020,4630.2856
30/04/2020,4619.2856
01/05/2020,4607.2856
02/05/2020,4578
03/05/2020,4550.143
04/05/2020,4478.857
05/05/2020,4411.143
06/05/2020,4219.5713
07/05/2020,4072
08/05/2020,3843.2856
09/05/2020,3675.5715
10/05/2020,3432.4285
11/05/2020,3277
12/05/2020,3182
13/05/2020,3212.5715
14/05/2020,3173.1428
15/05/2020,3101.4285
16/05/2020,2936.1428
17/05/2020,2859.8572
18/05/2020,2847.2856
19/05/2020,2775.8572
20/05/2020,2628.5715
21/05/2020,2579
22/05/2020,2491.7144
23/05/2020,2482.7144
24/05/2020,2415.1428
25/05/2020,2336.5715
26/05/2020,2270.2856
27/05/2020,2133.7144
28/05/2020,1991.8572
29/05/2020,1864.1428
30/05/2020,1748.4286
31/05/2020,1673.2858
01/06/2020,1616.1428
02/06/2020,1574.2858
03/06/2020,1547.7142
04/06/2020,1465.1428
05/06/2020,1400
06/06/2020,1327.4286
07/06/2020,1269.1428
08/06/2020,1222.2858
09/06/2020,1171.1428
10/06/2020,1122.5714
11/06/2020,1075.8572
12/06/2020,1051.1428
13/06/2020,1017.4286
14/06/2020,1007.4286
15/06/2020,1019.1429
16/06/2020,1034
17/06/2020,1026.2858
18/06/2020,1017.4286
19/06/2020,991.8571
20/06/2020,993.1429
21/06/2020,984.5714
22/06/2020,955.5714
23/06/2020,928.4286
24/06/2020,907.5714
25/06/2020,876.1429
26/06/2020,841.8571
27/06/2020,799.5714
28/06/2020,752.8571
29/06/2020,748.5714
30/06/2020,721.8571
01/07/2020,696.8571
02/07/2020,659.7143
03/07/2020,641.8571
04/07/2020,624.7143
05/07/2020,610.7143
06/07/2020,574.4286
07/07/2020,590
08/07/2020,588.5714
09/07/2020,586.5714
10/07/2020,595.2857
11/07/2020,611.8571
12/07/2020,611.8571
13/07/2020,620.2857
14/07/2020,592.8571
15/07/2020,596.5714
16/07/2020,610.2857
17/07/2020,619.4286
18/07/2020,618
19/07/2020,620
20/07/2020,626.7143
21/07/2020,638.4286
22/07/2020,651.2857
23/07/2020,663.1429
24/07/2020,668.7143
25/07/2020,682.4286
26/07/2020,709.8571
27/07/2020,713.4286
28/07/2020,729.8571
29/07/2020,735.4286
30/07/2020,745.1429
31/07/2020,780.2857
01/08/2020,800
02/08/2020,789.1429
03/08/2020,793.2857
04/08/2020,793.4286
05/08/2020,820.7143
06/08/2020,850.7143
07/08/2020,854.8571
08/08/2020,877.5714
09/08/2020,916.8571
10/08/2020,938.4286
11/08/2020,947.4286
12/08/2020,1010.1429
13/08/2020,1054.7142
14/08/2020,1076.2858
15/08/2020,1083.5714
16/08/2020,1113.8572
17/08/2020,1114.4286
18/08/2020,1110.8572
19/08/2020,1082.1428
20/08/2020,1044.7142
21/08/2020,1050.4286
22/08/2020,1099.2858
23/08/2020,1104
24/08/2020,1122.2858
25/08/2020,1155
26/08/2020,1155.2858
27/08/2020,1177.2858
28/08/2020,1192.4286
29/08/2020,1205.7142
30/08/2020,1264.8572
31/08/2020,1320.2858
01/09/2020,1368.8572
02/09/2020,1399.2858
03/09/2020,1544.7142
04/09/2020,1786
05/09/2020,2009
06/09/2020,2217.5715
07/09/2020,2406.2856
08/09/2020,2591.1428
09/09/2020,2936.5715
10/09/2020,3091.1428
11/09/2020,3132.2856
12/09/2020,3200.2856
13/09/2020,3233.4285
14/09/2020,3250.4285
15/09/2020,3206
16/09/2020,3134.1428
17/09/2020,3160
18/09/2020,3307.7144
19/09/2020,3457.2856
20/09/2020,3692.8572
21/09/2020,4009.8572
22/09/2020,4465
23/09/2020,4779.143
24/09/2020,5192
25/09/2020,5577.2856
26/09/2020,6006.857
27/09/2020,6341.857
28/09/2020,6616.2856
29/09/2020,6856.7144
30/09/2020,7479
01/10/2020,8039.7144
02/10/2020,8842.714
03/10/2020,9653.429
04/10/2020,10587.143
05/10/2020,11281
06/10/2020,11985.286
07/10/2020,12952.429
08/10/2020,13935.857
09/10/2020,14772.429
10/10/2020,15496.429
11/10/2020,15787.714
12/10/2020,15927.857
13/10/2020,15963.429
14/10/2020,16380.286
15/10/2020,16646.857
16/10/2020,16839.285
17/10/2020,16865.143
18/10/2020,17154
19/10/2020,17473.143
20/10/2020,17774.428
21/10/2020,18660.285
22/10/2020,19588.428
23/10/2020,20416.143
24/10/2020,21111.715
25/10/2020,21651.572
26/10/2020,21873.285
27/10/2020,22099.572
28/10/2020,22233.143
29/10/2020,22052.857
30/10/2020,21793.857
31/10/2020,21813.715
01/11/2020,21984.572
02/11/2020,22018.715
03/11/2020,22029.428
04/11/2020,22760.572
05/11/2020,22988
06/11/2020,23006
07/11/2020,23070.143
08/11/2020,23180
09/11/2020,23479
10/11/2020,24089.572
11/11/2020,24030.285
12/11/2020,24294
13/11/2020,24826.857
14/11/2020,24935.857
15/11/2020,25040
16/11/2020,24962.428
17/11/2020,24389.428
18/11/2020,23738.285
19/11/2020,23123.857
20/11/2020,22169.428
21/11/2020,21200.143
22/11/2020,20159
23/11/2020,19346.143
24/11/2020,18726.428
25/11/2020,17593.857
26/11/2020,16621.143
27/11/2020,16012.286
28/11/2020,15543.714
29/11/2020,15180
30/11/2020,14973.286
01/12/2020,14824.286
02/12/2020,14706.286
03/12/2020,14707
04/12/2020,14687.286
05/12/2020,14844.286
06/12/2020,15027.143
07/12/2020,15285.286
08/12/2020,15696.571
09/12/2020,16180.286
10/12/2020,16806.143
11/12/2020,17553.715
12/12/2020,18561.715
13/12/2020,19784
14/12/2020,20740.428
15/12/2020,21959.715
16/12/2020,23904.428
17/12/2020,25806.285
18/12/2020,27737.428
19/12/2020,29383.285
20/12/2020,31101.715
21/12/2020,31959
22/12/2020,33501.855
23/12/2020,35358.285
24/12/2020,37086.43
25/12/2020,38159.145
26/12/2020,37867
27/12/2020,34724.145
28/12/2020,36941.43
29/12/2020,39149.145
30/12/2020,38894.285
31/12/2020,44125
01/01/2021,48300
02/01/2021,51379.285
03/01/2021,53959.715
04/01/2021,56894.57
05/01/2021,58011
06/01/2021,62520.145
07/01/2021,60169.855
08/01/2021,58258.855
09/01/2021,58150.285
10/01/2021,60382.145
11/01/2021,57293.715
12/01/2021,54556.43
13/01/2021,51787.855
14/01/2021,49503.43
15/01/2021,47749.855
16/01/2021,46362
17/01/2021,45411.57
18/01/2021,44156.57
19/01/2021,43073.43
20/01/2021,41268.43
21/01/2021,39822.43
22/01/2021,38319.145
23/01/2021,36752
24/01/2021,35163.145
25/01/2021,33890.855
26/01/2021,32171.143
27/01/2021,29996.857
28/01/2021,28169
29/01/2021,26785.715
30/01/2021,25681.572
31/01/2021,24553.572
01/02/2021,23814
02/02/2021,23561
03/02/2021,22451.715
04/02/2021,21385.285
05/02/2021,20472.572
06/02/2021,19575.428
07/02/2021,18700.143
08/02/2021,18007.715
09/02/2021,17419.285
10/02/2021,16451
11/02/2021,15588.143
12/02/2021,14728.857
13/02/2021,13964
14/02/2021,13430.571
15/02/2021,12961.286
16/02/2021,12580
17/02/2021,12371.571
18/02/2021,12187.857
19/02/2021,11908.286
20/02/2021,11716
21/02/2021,11452.429
22/02/2021,11349.286
23/02/2021,11221.143
24/02/2021,10781.429
25/02/2021,10327.714
26/02/2021,9885.571
27/02/2021,9347.143
28/02/2021,8783.429
01/03/2021,8302.857
02/03/2021,7842.143
03/03/2021,7204.2856
04/03/2021,6797.857
05/03/2021,6415.7144
06/03/2021,6117.5713
07/03/2021,5929.7144
08/03/2021,5883.857
09/03/2021,5817.7144
10/03/2021,5774.5713
11/03/2021,5713.143
12/03/2021,5724.2856
13/03/2021,5723.7144
14/03/2021,5759.4287
15/03/2021,5724.143
16/03/2021,5726.2856
17/03/2021,5699.5713
18/03/2021,5610.2856
19/03/2021,5571.4287
20/03/2021,5528.4287
21/03/2021,5451.7144
22/03/2021,5432.5713
23/03/2021,5570.4287
24/03/2021,5535.5713
25/03/2021,5481.4287
26/03/2021,5516.5713
27/03/2021,5514.2856
28/03/2021,5426.7144
29/03/2021,5353
30/03/2021,5301.5713
31/03/2021,4978.2856
01/04/2021,4734.7144
02/04/2021,4412.143
03/04/2021,4134.7144
04/04/2021,3874.7144
05/04/2021,3700
06/04/2021,3326
07/04/2021,3118.5715
08/04/2021,3052
09/04/2021,2950.1428
10/04/2021,2874.8572
11/04/2021,2904.2856
12/04/2021,2886
13/04/2021,2880.8572
14/04/2021,2900.4285
15/04/2021,2783.5715
16/04/2021,2677.7144
17/04/2021,2563.1428
18/04/2021,2476.5715
19/04/2021,2382.5715
20/04/2021,2412.2856
21/04/2021,2391.8572
22/04/2021,2398.4285
23/04/2021,2426.4285
24/04/2021,2435.5715
25/04/2021,2388.8572
26/04/2021,2366.2856
27/04/2021,2299.8572
28/04/2021,2283.8572
29/04/2021,2232
30/04/2021,2202.1428
01/05/2021,2176.5715
02/05/2021,2148.7144
03/05/2021,2130
04/05/2021,2044.5714
05/05/2021,1967.1428
06/05/2021,2020.7142
07/05/2021,2030.7142
08/05/2021,2044.4286
09/05/2021,2066.8572
10/05/2021,2092
11/05/2021,2204.2856
12/05/2021,2307.8572
13/05/2021,2275.8572
14/05/2021,2242.4285
15/05/2021,2221.8572
16/05/2021,2215.5715
17/05/2021,2218.2856
18/05/2021,2163.4285
19/05/2021,2170.4285
20/05/2021,2239.4285
21/05/2021,2307.7144
22/05/2021,2355.5715
23/05/2021,2416.8572
24/05/2021,2470
25/05/2021,2527.5715
26/05/2021,2600.5715
27/05/2021,2688.4285
28/05/2021,2846.8572
29/05/2021,3022.5715
30/05/2021,3197.1428
31/05/2021,3340
01/06/2021,3459.7144
02/06/2021,3535.1428
03/06/2021,3821.4285
04/06/2021,4142.2856
05/06/2021,4501
06/06/2021,4825.5713
07/06/2021,5072.857
08/06/2021,5411.4287
09/06/2021,5989.857
10/06/2021,6342
11/06/2021,6633.7144
12/06/2021,6888.7144
13/06/2021,7139.857
14/06/2021,7361.7144
15/06/2021,7590.4287
16/06/2021,7935.5713
17/06/2021,8350.429
18/06/2021,8756.429
19/06/2021,9194
20/06/2021,9579.857
21/06/2021,9888.857
22/06/2021,10310.571
23/06/2021,11160
24/06/2021,12103.143
25/06/2021,13145.857
26/06/2021,14232.714
27/06/2021,15354
28/06/2021,16476
29/06/2021,17678.143
30/06/2021,19408.143
01/07/2021,20950.572
02/07/2021,22460.857
03/07/2021,23900.857
04/07/2021,25068
05/07/2021,26169.285
06/07/2021,27121.857
07/07/2021,28050.572
08/07/2021,29173.572
09/07/2021,30555.572
10/07/2021,31302.143
11/07/2021,32225.715
12/07/2021,32849.855
13/07/2021,33611.715
14/07/2021,34982
15/07/2021,36645.855
16/07/2021,38976.285
17/07/2021,42973.43
18/07/2021,46182
19/07/2021,47624.43
20/07/2021,48435.715
21/07/2021,48923.285
22/07/2021,47804.57
23/07/2021,45038.57
24/07/2021,40649.715
25/07/2021,36728.715
26/07/2021,34496.715
27/07/2021,32497.428
28/07/2021,29934.143
29/07/2021,28463.572
30/07/2021,27704.857
31/07/2021,27298.285
01/08/2021,26860
02/08/2021,26534
03/08/2021,26362.285
04/08/2021,26342.143
05/08/2021,26469.428
06/08/2021,26769.572
07/08/2021,27230.715
08/08/2021,27700.143
09/08/2021,27981.572
10/08/2021,28253.285
11/08/2021,28585
12/08/2021,28734.285
13/08/2021,28878.857
14/08/2021,28888.285
15/08/2021,29022.428
16/08/2021,29382
17/08/2021,29730.572
18/08/2021,30408.428
19/08/2021,31323
20/08/2021,32092.857
21/08/2021,32775
22/08/2021,33240.285
23/08/2021,33737.285
24/08/2021,34225.285
25/08/2021,34626.43
26/08/2021,34592.43
27/08/2021,34597.855
28/08/2021,34756.715
29/08/2021,34973
30/08/2021,34839.43
31/08/2021,34467
01/09/2021,33761.145
02/09/2021,34836.855
03/09/2021,35516.145
04/09/2021,36189.715
05/09/2021,36888
06/09/2021,37489.285
07/09/2021,38298.855
08/09/2021,39749.57
09/09/2021,38807.715
10/09/2021,37710.145
11/09/2021,36516.715
12/09/2021,35167.285
13/09/2021,33984.855
14/09/2021,32878.715
15/09/2021,31411.428
16/09/2021,30385.143
17/09/2021,29608.715
18/09/2021,28999.572
19/09/2021,29041.285
20/09/2021,29485.857
21/09/2021,30489.285
22/09/2021,31362.143
23/09/2021,32421.143
24/09/2021,33327.145
25/09/2021,34204.43
26/09/2021,34580
27/09/2021,34854.57
28/09/2021,34997.285
29/09/2021,35114.57
30/09/2021,34786
01/10/2021,34511.855
02/10/2021,34048
03/10/2021,33612.285
04/10/2021,33290.715
05/10/2021,33287.285
06/10/2021,33593.57
07/10/2021,33983.715
08/10/2021,34616.145
09/10/2021,35453.43
10/10/2021,36389.715
11/10/2021,37245.43
12/10/2021,37868.145
13/10/2021,38806.855
14/10/2021,40098.57
15/10/2021,41314.43
16/10/2021,42450.715
17/10/2021,43586.145
18/10/2021,44382.145
19/10/2021,45429.855
20/10/2021,46492.57
21/10/2021,47093.715
22/10/2021,47648.855
23/10/2021,47473.855
24/10/2021,47060.145
25/10/2021,46663.715
26/10/2021,45522.57
27/10/2021,44054.43
28/10/2021,42568
29/10/2021,41337.145
30/10/2021,40793.715
31/10/2021,40734.715
01/11/2021,40515.57
02/11/2021,40379.855
03/11/2021,40043.145
04/11/2021,39456.715
05/11/2021,38448.285
06/11/2021,37344.285
07/11/2021,35925.285
08/11/2021,35049.145
09/11/2021,34445.145
10/11/2021,34304.715
11/11/2021,34908.57
12/11/2021,35902.285
13/11/2021,36950.43
14/11/2021,38014
15/11/2021,38792.43
16/11/2021,39499
17/11/2021,40473.57
18/11/2021,41071.285
19/11/2021,41493.145
20/11/2021,41930.715
21/11/2021,42194
22/11/2021,42544
23/11/2021,42789.43
24/11/2021,42758.715
25/11/2021,43011.145
26/11/2021,43136.43
27/11/2021,43045.43
28/11/2021,43006
29/11/2021,42715.715
30/11/2021,43066.57
01/12/2021,43860.285
02/12/2021,44931.43
03/12/2021,46081.145
04/12/2021,47066
05/12/2021,47971.285
06/12/2021,48754.285
07/12/2021,48946.43
08/12/2021,49432.855
09/12/2021,49513.285
10/12/2021,50085.715
11/12/2021,51039.43
12/12/2021,52014.43
13/12/2021,53415.855
14/12/2021,55145.43
15/12/2021,59070.43
16/12/2021,65717.57
17/12/2021,73414.14
18/12/2021,80422.71
19/12/2021,86623.43
20/12/2021,92379
21/12/2021,97518.29
22/12/2021,104203.57
23/12/2021,110990
24/12/2021,117969.57
25/12/2021,125766.43
26/12/2021,131676.58
27/12/2021,129030.86
28/12/2021,132910
29/12/2021,141630.72
30/12/2021,150513
31/12/2021,166404.14
01/01/2022,177253.14
02/01/2022,184581.58
03/01/2022,191426.14
04/01/2022,200680.58
05/01/2022,205664.86
06/01/2022,214690.28
07/01/2022,207458.28
08/01/2022,198373.14
09/01/2022,188618.86
10/01/2022,185096
11/01/2022,172913.42
12/01/2022,159064.58
13/01/2022,136150
14/01/2022,119156.43
15/01/2022,108218.14
16/01/2022,103366.43
17/01/2022,101128.57
18/01/2022,101458.14
19/01/2022,101251.71
20/01/2022,101767.71
21/01/2022,102987.86
22/01/2022,103546.71
23/01/2022,104318.86
24/01/2022,104859.29
25/01/2022,105469
26/01/2022,104876.14
27/01/2022,104068.29
28/01/2022,103626.57
29/01/2022,103037.57
30/01/2022,101937
31/01/2022,100762.57
01/02/2022,98667.86
02/02/2022,95480.29
03/02/2022,92729.86
04/02/2022,89837
05/02/2022,87043.14
06/02/2022,84077.14
07/02/2022,81047.57
08/02/2022,77169
09/02/2022,73087.86
10/02/2022,69618.14
11/02/2022,66178.29
12/02/2022,62699.57
13/02/2022,60027.43
14/02/2022,57916.57
15/02/2022,55231.285
16/02/2022,52125.855
17/02/2022,49674.57
18/02/2022,47850.715
19/02/2022,46768.285
20/02/2022,45151.43
21/02/2022,44739.715
22/02/2022,44163.285
23/02/2022,42790
24/02/2022,40888
25/02/2022,38731.43
26/02/2022,36719.285
27/02/2022,35947.285
28/02/2022,34581.855
01/03/2022,33673.285
02/03/2022,33604.285
03/03/2022,34405.285
04/03/2022,35791.43
05/03/2022,37667.145
06/03/2022,39605.855
07/03/2022,41558.715
08/03/2022,44082.43
09/03/2022,47492.57
10/03/2022,51109.285
11/03/2022,55016.715
12/03/2022,58838
13/03/2022,62498.285
14/03/2022,65829.57
15/03/2022,69645.71
16/03/2022,74119.14
17/03/2022,77490
18/03/2022,80092.86
19/03/2022,81856.14
20/03/2022,83035.43
21/03/2022,83798.14
22/03/2022,84557.43
23/03/2022,85907.71
24/03/2022,86677.29
25/03/2022,87025
26/03/2022,87032.43
27/03/2022,86624.57
28/03/2022,85773
29/03/2022,83956.14
30/03/2022,81609.14
31/03/2022,78899.29
01/04/2022,75964.71
02/04/2022,71948.43
03/04/2022,68381.57
04/04/2022,64972.43
05/04/2022,61235.715
06/04/2022,55645.715
07/04/2022,51213.57
08/04/2022,47086
09/04/2022,44788.57
10/04/2022,42720.855
11/04/2022,41334.145
12/04/2022,39730.285
13/04/2022,37393.715
14/04/2022,35203.715
15/04/2022,33337.285
16/04/2022,31613
17/04/2022,29988.572
18/04/2022,28851.428
19/04/2022,27307.428
20/04/2022,25572
21/04/2022,24429.285
22/04/2022,22968.143
23/04/2022,21800.285
24/04/2022,20955.428
25/04/2022,19996.143
26/04/2022,19220.572
27/04/2022,18061.428
28/04/2022,16459.715
29/04/2022,15259.429
30/04/2022,14280
01/05/2022,13467
02/05/2022,12773.286
03/05/2022,11961.714
04/05/2022,11218.571
05/05/2022,11041.143
06/05/2022,10843.571
07/05/2022,10645.429
08/05/2022,10494.286
09/05/2022,10374.714
10/05/2022,10378.714
11/05/2022,10206.571
12/05/2022,9696.571
13/05/2022,9275.571
14/05/2022,8907.143
15/05/2022,8619.714
16/05/2022,8420.143
17/05/2022,8264.571
18/05/2022,8081
19/05/2022,7872.143
20/05/2022,7716.857
21/05/2022,7599.4287
22/05/2022,7439.2856
23/05/2022,7282
24/05/2022,6999.7144
25/05/2022,6699.143
26/05/2022,6469.5713
27/05/2022,6277.4287
28/05/2022,6125
29/05/2022,6066.143
30/05/2022,6061.7144
31/05/2022,6016.4287
01/06/2022,5988.143
02/06/2022,6047.2856
03/06/2022,6149.857
04/06/2022,6215
05/06/2022,6390.143
06/06/2022,6747.857
07/06/2022,7338.5713
08/06/2022,8000.2856
09/06/2022,8617.143
10/06/2022,9299
11/06/2022,10029
12/06/2022,10621.714
13/06/2022,10991
14/06/2022,11402.143
15/06/2022,11905.714
16/06/2022,12438.571
17/06/2022,12874.714
18/06/2022,13289.857
19/06/2022,13737.714
20/06/2022,14244.286
21/06/2022,14859.143
22/06/2022,15526.286
23/06/2022,16348.429
24/06/2022,17210.715
25/06/2022,17977.143
26/06/2022,18610.143
27/06/2022,19064
28/06/2022,19604.143
29/06/2022,20341.572
30/06/2022,20933.715
01/07/2022,21466.285
02/07/2022,22130.572
03/07/2022,22887.715
04/07/2022,23625
05/07/2022,24625.285
06/07/2022,25853.857
07/07/2022,26764.428
08/07/2022,27492.572
09/07/2022,27808.857
10/07/2022,27946.143
11/07/2022,27844
12/07/2022,27460.572
13/07/2022,26906.572
14/07/2022,26268.143
15/07/2022,25433.572
16/07/2022,24668.715
17/07/2022,23775.572
18/07/2022,22885.715
19/07/2022,21762.857
20/07/2022,20176
21/07/2022,18708
22/07/2022,17609.857
23/07/2022,16618.143
24/07/2022,15763.714
25/07/2022,15037.571
26/07/2022,14186
27/07/2022,13411.857
28/07/2022,12705.429
29/07/2022,11901.857
30/07/2022,11212
31/07/2022,10659.143
01/08/2022,10286.429
02/08/2022,9879.429
03/08/2022,9384.571
04/08/2022,9019.571
05/08/2022,8706.571
06/08/2022,8416.143
07/08/2022,8136.143
08/08/2022,7864
09/08/2022,7595.5713
10/08/2022,7343.143
11/08/2022,7077.2856
12/08/2022,6848
13/08/2022,6690.4287
14/08/2022,6517.7144
15/08/2022,6385.5713
16/08/2022,6216.4287
17/08/2022,5981.5713
18/08/2022,5731.5713
19/08/2022,5486.4287
20/08/2022,5253.7144
21/08/2022,5064.143
22/08/2022,4922.2856
23/08/2022,4739.7144
24/08/2022,4568.2856
25/08/2022,4456.7144
26/08/2022,4388.4287
27/08/2022,4278.7144
28/08/2022,4198.5713
29/08/2022,4142.857
30/08/2022,4050.5715
31/08/2022,3970.2856
01/09/2022,4034.2856
02/09/2022,4043.1428
03/09/2022,4122.2856
04/09/2022,4173.2856
05/09/2022,4216.857
06/09/2022,4338.143
07/09/2022,4404.2856
08/09/2022,4311.7144
09/09/2022,4257.2856
10/09/2022,4171.143
11/09/2022,4134.7144
12/09/2022,4113.4287
13/09/2022,4121.857
14/09/2022,4148
15/09/2022,4229.4287
16/09/2022,4334.857
17/09/2022,4461.5713
18/09/2022,4544.5713
19/09/2022,4580.7144
20/09/2022,4579.5713
21/09/2022,4702.143
22/09/2022,5085
23/09/2022,5453.5713
24/09/2022,5765.143
25/09/2022,6101
26/09/2022,6415
27/09/2022,6829.4287
28/09/2022,7179.7144
29/09/2022,7240.5713
30/09/2022,7363.5713
01/10/2022,7517.857
02/10/2022,7679.2856
03/10/2022,7871.5713
04/10/2022,8152.143
05/10/2022,8591.286
06/10/2022,8978.571
07/10/2022,9238.143
08/10/2022,9451.571
09/10/2022,9642.286
10/10/2022,9640.571
11/10/2022,9548.286
12/10/2022,9377.571
13/10/2022,9162.714
14/10/2022,8953.857
15/10/2022,8774.571
16/10/2022,8634.571
17/10/2022,8547.286
18/10/2022,8436.143
19/10/2022,8365.429
20/10/2022,8190.2856
21/10/2022,8023
22/10/2022,7800.4287
23/10/2022,7561.4287
24/10/2022,7350.857
25/10/2022,7028.4287
26/10/2022,6572
27/10/2022,6204.857
28/10/2022,5897.857
29/10/2022,5652
30/10/2022,5381.143
31/10/2022,5183.2856
01/11/2022,5004.4287
02/11/2022,4764.7144
03/11/2022,4605.2856
04/11/2022,4400.2856
05/11/2022,4232.143
06/11/2022,4047.2856
07/11/2022,3916.1428
08/11/2022,3772.7144
09/11/2022,3657.2856
10/11/2022,3554.4285
11/11/2022,3491.8572
12/11/2022,3424.2856
13/11/2022,3393.7144
14/11/2022,3360.5715
15/11/2022,3309.8572
16/11/2022,3253
17/11/2022,3210.8572
18/11/2022,3165.7144
19/11/2022,3141.7144
20/11/2022,3124.5715
21/11/2022,3124.2856
22/11/2022,3121.1428
23/11/2022,3123.2856
24/11/2022,3162
25/11/2022,3212.8572
26/11/2022,3254.5715
27/11/2022,3273
28/11/2022,3290.1428
29/11/2022,3369.8572
30/11/2022,3470
01/12/2022,3553
02/12/2022,3605
03/12/2022,3630.1428
04/12/2022,3729.2856
05/12/2022,3757.4285
06/12/2022,3805.7144
07/12/2022,3903.7144
08/12/2022,4025.8572
09/12/2022,4199.4287
10/12/2022,4346.857
11/12/2022,4435.4287
12/12/2022,4552.857
13/12/2022,4673.5713
14/12/2022,4910.857
15/12/2022,5178
16/12/2022,5369.143
17/12/2022,5591.5713
18/12/2022,5858.4287
19/12/2022,6026
20/12/2022,6189
21/12/2022,6487.143
22/12/2022,6704.2856
23/12/2022,6885.5713
24/12/2022,6997.4287
25/12/2022,6948.4287
26/12/2022,6861.143
27/12/2022,6564.2856
28/12/2022,5975.2856
29/12/2022,5685.857
30/12/2022,5774
31/12/2022,5894.143
01/01/2023,5949.143
02/01/2023,5971.2856
03/01/2023,5966.857
04/01/2023,5982.143
05/01/2023,5932.857
06/01/2023,5528.7144
07/01/2023,5095.143
08/01/2023,4770
09/01/2023,4547.857
10/01/2023,4427.5713
11/01/2023,4220.2856
12/01/2023,3771.4285
13/01/2023,3350.7144
14/01/2023,3036
15/01/2023,2790.4285
16/01/2023,2614.1428
17/01/2023,2475.5715
18/01/2023,2326.7144
19/01/2023,2196.4285
20/01/2023,2121.4285
21/01/2023,2057
22/01/2023,2019.4286
23/01/2023,2022.8572
24/01/2023,2030.7142
25/01/2023,2043.7142
26/01/2023,2124.4285
27/01/2023,2200.2856
28/01/2023,2273.8572
29/01/2023,2357.2856
30/01/2023,2420
31/01/2023,2498.2856
01/02/2023,2627
02/02/2023,2738.4285
03/02/2023,2856.2856
04/02/2023,2953
05/02/2023,3027.1428
06/02/2023,3089.4285
07/02/2023,3141.1428
08/02/2023,3201.5715
09/02/2023,3225.2856
10/02/2023,3252.1428
11/02/2023,3271.4285
12/02/2023,3317.8572
13/02/2023,3343.5715
14/02/2023,3396
15/02/2023,3525.4285
16/02/2023,3665.5715
17/02/2023,3749.4285
18/02/2023,3882.8572
19/02/2023,3993.7144
20/02/2023,4074.8572
21/02/2023,4148.7144
22/02/2023,4152
23/02/2023,4152.4287
24/02/2023,4146.857
25/02/2023,4073.2856
26/02/2023,3977.5715
27/02/2023,3919.2856
28/02/2023,3842.8572
01/03/2023,3819.2856
02/03/2023,3797.4285
03/03/2023,3821.1428
04/03/2023,3845.4285
05/03/2023,3891.1428
06/03/2023,3902.4285
07/03/2023,3949.8572
08/03/2023,3999.8572
09/03/2023,4051.4285
10/03/2023,4102.857
11/03/2023,4160.7144
12/03/2023,4202.5713
13/03/2023,4290.2856
14/03/2023,4425.7144
15/03/2023,4537.857
16/03/2023,4639.4287
17/03/2023,4659
18/03/2023,4738.2856
19/03/2023,4763
20/03/2023,4766.857
21/03/2023,4720
22/03/2023,4636.2856
23/03/2023,4590.2856
24/03/2023,4589.7144
25/03/2023,4523.4287
26/03/2023,4521.2856
27/03/2023,4464.4287
28/03/2023,4378.143
29/03/2023,4252.7144
30/03/2023,4067.5715
31/03/2023,3923.5715
01/04/2023,3783.5715
02/04/2023,3596
03/04/2023,3494.4285
04/04/2023,3352.1428
05/04/2023,3119.4285
06/04/2023,2906.7144
07/04/2023,2726.7144
08/04/2023,2559.4285
09/04/2023,2413.4285
10/04/2023,2323
11/04/2023,2231.1428
12/04/2023,2181.8572
13/04/2023,2200
14/04/2023,2163.1428
15/04/2023,2141.8572
16/04/2023,2131
17/04/2023,2091.4285
18/04/2023,2107.8572
19/04/2023,2092.7144
20/04/2023,2002.8572
21/04/2023,1937.1428
22/04/2023,1869.1428
23/04/2023,1831.8572
24/04/2023,1814.2858
25/04/2023,1756.5714
26/04/2023,1695.4286
27/04/2023,1664.7142
28/04/2023,1644
29/04/2023,1642.8572
30/04/2023,1641.7142
01/05/2023,1646.5714
02/05/2023,1619.1428
03/05/2023,1602.2858
04/05/2023,1626.1428
05/05/2023,1616.7142
06/05/2023,1612
07/05/2023,1586.1428
08/05/2023,1539.2858
09/05/2023,1511.7142
10/05/2023,1462.1428
11/05/2023,1406.1428
12/05/2023,1368.2858
13/05/2023,1322.5714
14/05/2023,1282.5714
15/05/2023,1261.1428
16/05/2023,1248
17/05/2023,1220.1428
18/05/2023,1161.5714
19/05/2023,1119
20/05/2023,1083.4286
21/05/2023,1070.4286
22/05/2023,1057.7142
23/05/2023,1037.1428
24/05/2023,1029.4286
25/05/2023,1025
26/05/2023,1013
27/05/2023,989.1429
28/05/2023,965.5714
29/05/2023,942.7143
30/05/2023,900.1429
31/05/2023,846.7143
01/06/2023,809
02/06/2023,792.1429
03/06/2023,770.4286
04/06/2023,751.5714
05/06/2023,738.4286
06/06/2023,738.8571
07/06/2023,747.8571
08/06/2023,746.4286
09/06/2023,726.8571
10/06/2023,713.1429
11/06/2023,699.2857
12/06/2023,684.4286
13/06/2023,670.5714
14/06/2023,641.1429
15/06/2023,601.7143
16/06/2023,566.2857
17/06/2023,539.1429
18/06/2023,517.1429
19/06/2023,510.7143
20/06/2023,484.2857
21/06/2023,454.57144
22/06/2023,434
23/06/2023,417.57144
24/06/2023,410.14285
25/06/2023,400.57144
26/06/2023,386.85715
27/06/2023,379.14285
28/06/2023,362
29/06/2023,346.85715
30/06/2023,337
01/07/2023,321.42856
02/07/2023,313.42856
03/07/2023,306.85715
04/07/2023,302.14285
05/07/2023,308.14285
06/07/2023,311.2857
07/07/2023,319.7143
08/07/2023,332
09/07/2023,350.7143
10/07/2023,365.2857
11/07/2023,383.57144
12/07/2023,399.7143
13/07/2023,421.14285
14/07/2023,432.42856
15/07/2023,446.57144
16/07/2023,444.85715
17/07/2023,451.14285
18/07/2023,450.7143
19/07/2023,462.14285
20/07/2023,476
21/07/2023,484.57144
22/07/2023,499.14285
23/07/2023,516.8571
24/07/2023,528.5714
25/07/2023,546.7143
26/07/2023,565.8571
27/07/2023,588.2857
28/07/2023,616
29/07/2023,635.5714
30/07/2023,668.1429
31/07/2023,704.2857
01/08/2023,749.7143
02/08/2023,785.8571
03/08/2023,816.4286
04/08/2023,847
05/08/2023,878
06/08/2023,901.8571
07/08/2023,912.4286
08/08/2023,925.7143
09/08/2023,956.7143
10/08/2023,1003
11/08/2023,1046.2858
12/08/2023,1082.7142
13/08/2023,1111
14/08/2023,1144.2858
15/08/2023,1167.7142
16/08/2023,1189
17/08/2023,1192
18/08/2023,1200.2858
19/08/2023,1211.1428
20/08/2023,1220.8572
21/08/2023,1220.8572
22/08/2023,1226.7142
23/08/2023,1243.7142
24/08/2023,1262.7142
25/08/2023,1270.4286
26/08/2023,1278.4286
27/08/2023,1284
28/08/2023,1284.8572
29/08/2023,1276.7142
30/08/2023,1260
31/08/2023,1289.4286
01/09/2023,1354.7142
02/09/2023,1416.5714
03/09/2023,1495.8572
04/09/2023,1572.4286
05/09/2023,1687.4286
06/09/2023,1825.5714
07/09/2023,1909.2858
08/09/2023,1957.1428
09/09/2023,1987.4286
10/09/2023,1990.4286
11/09/2023,1985.4286
12/09/2023,1964.1428
13/09/2023,1934.7142
14/09/2023,1886
15/09/2023,1822
16/09/2023,1787
17/09/2023,1753.2858
18/09/2023,1739
19/09/2023,1737.1428
20/09/2023,1746.1428
21/09/2023,1789.4286
22/09/2023,1848.7142
23/09/2023,1890
24/09/2023,1937.4286
25/09/2023,1978
26/09/2023,2039.5714
27/09/2023,2128.4285
28/09/2023,2238.1428
29/09/2023,2348.8572
30/09/2023,2425.7144
01/10/2023,2488.8572
02/10/2023,2542.7144
03/10/2023,2596.1428
04/10/2023,2586.5715
05/10/2023,2553
06/10/2023,2497.1428
07/10/2023,2462.2856
08/10/2023,2440.4285
09/10/2023,2383.2856
10/10/2023,2319.2856
11/10/2023,2261.2856
12/10/2023,2168.7144
13/10/2023,2089.8572
14/10/2023,1987.1428
15/10/2023,1894.2858
16/10/2023,1815.5714
17/10/2023,1690.7142
18/10/2023,1572.4286
19/10/2023,1480.8572
20/10/2023,1405.8572
21/10/2023,1373.7142
22/10/2023,1324.4286
23/10/2023,1286.8572
24/10/2023,1253.5714
25/10/2023,1213.7142
26/10/2023,1177.5714
27/10/2023,1122.5714
28/10/2023,1077.4286
29/10/2023,1046.4286
30/10/2023,1863.2858
31/10/2023,1719.8572
01/11/2023,1548
02/11/2023,1377.5714
03/11/2023,1228.7142
04/11/2023,1080.1428
05/11/2023,942.7143
06/11/2023,695.4286
07/11/2023,695.4286
08/11/2023,695.4286
09/11/2023,695.4286
10/11/2023,695.4286
11/11/2023,695.4286
12/11/2023,695.4286
13/11/2023,746
14/11/2023,746
15/11/2023,746
16/11/2023,746
17/11/2023,746
18/11/2023,746
19/11/2023,746
20/11/2023,676.2857
21/11/2023,676.2857
22/11/2023,676.2857
23/11/2023,676.2857
24/11/2023,676.2857
25/11/2023,676.2857
26/11/2023,676.2857
27/11/2023,770.1429
28/11/2023,770.1429
29/11/2023,770.1429
30/11/2023,770.1429
01/12/2023,770.1429
02/12/2023,770.1429
03/12/2023,770.1429
04/12/2023,1078.2858
05/12/2023,1078.2858
06/12/2023,1078.2858
07/12/2023,1078.2858
08/12/2023,1078.2858
09/12/2023,1078.2858
10/12/2023,1078.2858
11/12/2023,1352.1428
12/12/2023,1352.1428
13/12/2023,1352.1428
14/12/2023,1352.1428
15/12/2023,1352.1428
16/12/2023,1352.1428
17/12/2023,1352.1428
18/12/2023,1529.7142
19/12/2023,1529.7142
20/12/2023,1529.7142
21/12/2023,1529.7142
22/12/2023,1529.7142
23/12/2023,1529.7142
24/12/2023,1529.7142
25/12/2023,1450.5714
26/12/2023,1450.5714
27/12/2023,1450.5714
28/12/2023,1450.5714
29/12/2023,1450.5714
30/12/2023,1450.5714
31/12/2023,1450.5714
01/01/2024,1263.8572
02/01/2024,1263.8572
03/01/2024,1263.8572
04/01/2024,1263.8572
05/01/2024,1263.8572
06/01/2024,1263.8572
07/01/2024,1263.8572
08/01/2024,965.5714
09/01/2024,965.5714
10/01/2024,965.5714
11/01/2024,965.5714
12/01/2024,965.5714
13/01/2024,965.5714
14/01/2024,965.5714
15/01/2024,934.2857
16/01/2024,934.2857
17/01/2024,934.2857
18/01/2024,934.2857
19/01/2024,934.2857
20/01/2024,934.2857
21/01/2024,934.2857
22/01/2024,942.7143
23/01/2024,942.7143
24/01/2024,942.7143
25/01/2024,942.7143
26/01/2024,942.7143
27/01/2024,942.7143
28/01/2024,942.7143
29/01/2024,736.7143
30/01/2024,736.7143
31/01/2024,736.7143
01/02/2024,736.7143
02/02/2024,736.7143
03/02/2024,736.7143
04/02/2024,736.7143
05/02/2024,581.5714
06/02/2024,581.5714
07/02/2024,581.5714
08/02/2024,581.5714
09/02/2024,581.5714
10/02/2024,581.5714
11/02/2024,581.5714
12/02/2024,411
13/02/2024,411
14/02/2024,411
15/02/2024,411
16/02/2024,411
17/02/2024,411
18/02/2024,411
19/02/2024,282.57144
20/02/2024,282.57144
21/02/2024,282.57144
22/02/2024,282.57144
23/02/2024,282.57144
24/02/2024,282.57144
25/02/2024,282.57144
26/02/2024,224.28572
27/02/2024,224.28572
28/02/2024,224.28572
29/02/2024,224.28572
01/03/2024,224.28572
02/03/2024,224.28572
03/03/2024,224.28572
04/03/2024,229.28572
05/03/2024,229.28572
06/03/2024,229.28572
07/03/2024,229.28572
08/03/2024,229.28572
09/03/2024,229.28572
10/03/2024,229.28572
11/03/2024,245.57143
12/03/2024,245.57143
13/03/2024,245.57143
14/03/2024,245.57143
15/03/2024,245.57143
16/03/2024,245.57143
17/03/2024,245.57143
18/03/2024,215
19/03/2024,215
20/03/2024,215
21/03/2024,215
22/03/2024,215
23/03/2024,215
24/03/2024,215
25/03/2024,208.14285
26/03/2024,208.14285
27/03/2024,208.14285
28/03/2024,208.14285
29/03/2024,208.14285
30/03/2024,208.14285
31/03/2024,208.14285
01/04/2024,225.71428
02/04/2024,225.71428
03/04/2024,225.71428
04/04/2024,225.71428
05/04/2024,225.71428
06/04/2024,225.71428
07/04/2024,225.71428
08/04/2024,211.57143
09/04/2024,211.57143
10/04/2024,211.57143
11/04/2024,211.57143
12/04/2024,211.57143
13/04/2024,211.57143
14/04/2024,211.57143
15/04/2024,232.57143
16/04/2024,232.57143
17/04/2024,232.57143
18/04/2024,232.57143
19/04/2024,232.57143
20/04/2024,232.57143
21/04/2024,232.57143
22/04/2024,293
23/04/2024,293
24/04/2024,293
25/04/2024,293
26/04/2024,293
27/04/2024,293
28/04/2024,293
29/04/2024,406.85715
30/04/2024,406.85715
01/05/2024,406.85715
02/05/2024,406.85715
03/05/2024,406.85715
04/05/2024,406.85715
05/05/2024,406.85715
06/05/2024,421.2857
07/05/2024,421.2857
08/05/2024,421.2857
09/05/2024,421.2857
10/05/2024,421.2857
11/05/2024,421.2857
12/05/2024,421.2857
13/05/2024,371
14/05/2024,371
15/05/2024,371
16/05/2024,371
17/05/2024,371
18/05/2024,371
19/05/2024,371
20/05/2024,326.42856
21/05/2024,326.42856
22/05/2024,326.42856
23/05/2024,326.42856
24/05/2024,326.42856
25/05/2024,326.42856
26/05/2024,326.42856
27/05/2024,345
28/05/2024,345
29/05/2024,345
30/05/2024,345
31/05/2024,345
01/06/2024,345
02/06/2024,345
03/06/2024,410.42856
04/06/2024,410.42856
05/06/2024,410.42856
06/06/2024,410.42856
07/06/2024,410.42856
08/06/2024,410.42856
09/06/2024,410.42856
10/06/2024,549.7143
11/06/2024,549.7143
12/06/2024,549.7143
13/06/2024,549.7143
14/06/2024,549.7143
15/06/2024,549.7143
16/06/2024,549.7143
17/06/2024,692.1429
18/06/2024,692.1429
19/06/2024,692.1429
20/06/2024,692.1429
21/06/2024,692.1429
22/06/2024,692.1429
23/06/2024,692.1429
24/06/2024,694.7143
25/06/2024,694.7143
26/06/2024,694.7143
27/06/2024,694.7143
28/06/2024,694.7143
29/06/2024,694.7143
30/06/2024,694.7143
01/07/2024,679.1429
02/07/2024,679.1429
03/07/2024,679.1429
04/07/2024,679.1429
05/07/2024,679.1429
06/07/2024,679.1429
07/07/2024,679.1429
08/07/2024,753.1429
09/07/2024,753.1429
10/07/2024,753.1429
11/07/2024,753.1429
12/07/2024,753.1429
13/07/2024,753.1429
14/07/2024,753.1429
15/07/2024,730.1429
16/07/2024,730.1429
17/07/2024,730.1429
18/07/2024,730.1429
19/07/2024,730.1429
20/07/2024,730.1429
21/07/2024,730.1429
22/07/2024,601.7143
23/07/2024,601.7143
24/07/2024,601.7143
25/07/2024,601.7143
26/07/2024,601.7143
27/07/2024,601.7143
28/07/2024,601.7143
29/07/2024,499.42856
30/07/2024,499.42856
31/07/2024,499.42856
01/08/2024,499.42856
02/08/2024,499.42856
03/08/2024,499.42856
04/08/2024,499.42856
05/08/2024,370
06/08/2024,370
07/08/2024,370
08/08/2024,370
09/08/2024,370
10/08/2024,370
11/08/2024,370
12/08/2024,319.2857
13/08/2024,319.2857
14/08/2024,319.2857
15/08/2024,319.2857
16/08/2024,319.2857
17/08/2024,319.2857
18/08/2024,319.2857
19/08/2024,291.42856
20/08/2024,291.42856
21/08/2024,291.42856
22/08/2024,291.42856
23/08/2024,291.42856
24/08/2024,291.42856
25/08/2024,291.42856
26/08/2024,320
27/08/2024,320
28/08/2024,320
29/08/2024,320
30/08/2024,320
31/08/2024,320
01/09/2024,320
02/09/2024,330.2857
03/09/2024,330.2857
04/09/2024,330.2857
05/09/2024,330.2857
06/09/2024,330.2857
07/09/2024,330.2857
08/09/2024,330.2857
09/09/2024,344.85715
10/09/2024,344.85715
11/09/2024,344.85715
12/09/2024,344.85715
13/09/2024,344.85715
14/09/2024,344.85715
15/09/2024,344.85715
16/09/2024,483.7143
17/09/2024,483.7143
18/09/2024,483.7143
19/09/2024,483.7143
20/09/2024,483.7143
21/09/2024,483.7143
22/09/2024,483.7143
23/09/2024,492.85715
24/09/2024,492.85715
25/09/2024,492.85715
26/09/2024,492.85715
27/09/2024,492.85715
28/09/2024,492.85715
29/09/2024,492.85715
30/09/2024,551.8571
01/10/2024,551.8571
02/10/2024,551.8571
03/10/2024,551.8571
04/10/2024,551.8571
05/10/2024,551.8571
06/10/2024,551.8571
07/10/2024,572.1429
08/10/2024,572.1429
09/10/2024,572.1429
10/10/2024,572.1429
11/10/2024,572.1429
12/10/2024,572.1429
13/10/2024,572.1429
14/10/2024,550.4286
15/10/2024,550.4286
16/10/2024,550.4286
17/10/2024,550.4286
18/10/2024,550.4286
19/10/2024,550.4286
20/10/2024,550.4286
21/10/2024,424.42856
22/10/2024,424.42856
23/10/2024,424.42856
24/10/2024,424.42856
25/10/2024,424.42856
26/10/2024,424.42856
27/10/2024,424.42856
28/10/2024,303.42856
29/10/2024,303.42856
30/10/2024,303.42856
31/10/2024,303.42856
01/11/2024,303.42856
02/11/2024,303.42856
03/11/2024,303.42856
04/11/2024,248.14285
05/11/2024,248.14285
06/11/2024,248.14285
07/11/2024,248.14285
08/11/2024,248.14285
09/11/2024,248.14285
10/11/2024,248.14285
11/11/2024,192.28572
12/11/2024,192.28572
13/11/2024,192.28572
14/11/2024,192.28572
15/11/2024,192.28572
16/11/2024,192.28572
17/11/2024,192.28572
18/11/2024,197.71428
19/11/2024,197.71428
20/11/2024,197.71428
21/11/2024,197.71428
22/11/2024,197.71428
23/11/2024,197.71428
24/11/2024,197.71428
25/11/2024,194.42857
26/11/2024,194.42857
27/11/2024,194.42857
28/11/2024,194.42857
29/11/2024,194.42857
30/11/2024,194.42857
01/12/2024,194.42857
02/12/2024,195.71428
03/12/2024,195.71428
04/12/2024,195.71428
05/12/2024,195.71428
06/12/2024,195.71428
07/12/2024,195.71428
08/12/2024,195.71428
09/12/2024,182.71428
10/12/2024,182.71428
11/12/2024,182.71428
12/12/2024,182.71428
13/12/2024,182.71428
14/12/2024,182.71428
15/12/2024,182.71428
16/12/2024,0
17/12/2024,0
18/12/2024,0
19/12/2024,0
20/12/2024,0
21/12/2024,0
22/12/2024,0
